{"aagfhgtpmv.mp4":{"label":"FAKE","split":"train","original":"vudstovrck.mp4"},"aapnvogymq.mp4":{"label":"FAKE","split":"train","original":"jdubbvfswz.mp4"},"abarnvbtwb.mp4":{"label":"REAL","split":"train","original":null},"abofeumbvv.mp4":{"label":"FAKE","split":"train","original":"atvmxvwyns.mp4"},"abqwwspghj.mp4":{"label":"FAKE","split":"train","original":"qzimuostzz.mp4"},"acifjvzvpm.mp4":{"label":"FAKE","split":"train","original":"kbvibjhfzo.mp4"},"acqfdwsrhi.mp4":{"label":"FAKE","split":"train","original":"ccfoszqabv.mp4"},"acxnxvbsxk.mp4":{"label":"FAKE","split":"train","original":"fjlyaizcwc.mp4"},"acxwigylke.mp4":{"label":"FAKE","split":"train","original":"ffcwhpnpuw.mp4"},"aczrgyricp.mp4":{"label":"FAKE","split":"train","original":"slwkmefgde.mp4"},"adhsbajydo.mp4":{"label":"FAKE","split":"train","original":"fysyrqfguw.mp4"},"adohikbdaz.mp4":{"label":"FAKE","split":"train","original":"qjlhemtkxk.mp4"},"adylbeequz.mp4":{"label":"FAKE","split":"train","original":"dlpoieqvfb.mp4"},"aelfnikyqj.mp4":{"label":"REAL","split":"train","original":null},"aelzhcnwgf.mp4":{"label":"FAKE","split":"train","original":"qzimuostzz.mp4"},"aettqgevhz.mp4":{"label":"FAKE","split":"train","original":"proiippuup.mp4"},"aevrfsexku.mp4":{"label":"FAKE","split":"train","original":"gxembgiarp.mp4"},"afoovlsmtx.mp4":{"label":"REAL","split":"train","original":null},"agdkmztvby.mp4":{"label":"FAKE","split":"train","original":"iufotyxgzb.mp4"},"agqphdxmwt.mp4":{"label":"FAKE","split":"train","original":"aytzyidmgs.mp4"},"agrmhtjdlk.mp4":{"label":"REAL","split":"train","original":null},"ahbweevwpv.mp4":{"label":"FAKE","split":"train","original":"dkuayagnmc.mp4"},"ahdbuwqxit.mp4":{"label":"FAKE","split":"train","original":"jomvcqqars.mp4"},"ahfazfbntc.mp4":{"label":"FAKE","split":"train","original":"sunqwnmlkx.mp4"},"ahqqqilsxt.mp4":{"label":"REAL","split":"train","original":null},"aipfdnwpoo.mp4":{"label":"FAKE","split":"train","original":"ygdgwyqyut.mp4"},"ajqslcypsw.mp4":{"label":"REAL","split":"train","original":null},"ajwpjhrbcv.mp4":{"label":"FAKE","split":"train","original":"bzythlfnhq.mp4"},"aklqzsddfl.mp4":{"label":"FAKE","split":"train","original":"lyvlnqduqg.mp4"},"aknbdpmgua.mp4":{"label":"FAKE","split":"train","original":"yxyhvdlrgk.mp4"},"aknmpoonls.mp4":{"label":"FAKE","split":"train","original":"swedbyuehz.mp4"},"akvmwkdyuv.mp4":{"label":"FAKE","split":"train","original":"xlbnmndmku.mp4"},"akxoopqjqz.mp4":{"label":"FAKE","split":"train","original":"meawmsgiti.mp4"},"akzbnazxtz.mp4":{"label":"FAKE","split":"train","original":"ppdpgwyjgm.mp4"},"aladcziidp.mp4":{"label":"FAKE","split":"train","original":"fewcljwqkr.mp4"},"alaijyygdv.mp4":{"label":"FAKE","split":"train","original":"cppdvdejkc.mp4"},"alninxcyhg.mp4":{"label":"FAKE","split":"train","original":"tqhbgzfwsf.mp4"},"altziddtxi.mp4":{"label":"FAKE","split":"train","original":"meawmsgiti.mp4"},"alvgwypubw.mp4":{"label":"FAKE","split":"train","original":"vcxckqbaya.mp4"},"amaivqofda.mp4":{"label":"FAKE","split":"train","original":"xobhsemxmv.mp4"},"amowujxmzc.mp4":{"label":"FAKE","split":"train","original":"xwcggrygwl.mp4"},"andaxzscny.mp4":{"label":"FAKE","split":"train","original":"fysyrqfguw.mp4"},"aneclqfpbt.mp4":{"label":"FAKE","split":"train","original":"xxsxktyvzt.mp4"},"anpuvshzoo.mp4":{"label":"REAL","split":"train","original":null},"aorjvbyxhw.mp4":{"label":"FAKE","split":"train","original":"bulkxhhknf.mp4"},"apatcsqejh.mp4":{"label":"FAKE","split":"train","original":"edyncaijwx.mp4"},"apgjqzkoma.mp4":{"label":"FAKE","split":"train","original":"jkddywriuf.mp4"},"apogckdfrz.mp4":{"label":"FAKE","split":"train","original":"uonshkejav.mp4"},"aqpnvjhuzw.mp4":{"label":"FAKE","split":"train","original":"xngpzquyhs.mp4"},"arkroixhey.mp4":{"label":"FAKE","split":"train","original":"fjlyaizcwc.mp4"},"arlmiizoob.mp4":{"label":"FAKE","split":"train","original":"meawmsgiti.mp4"},"arrhsnjqku.mp4":{"label":"FAKE","split":"train","original":"inkqxytzyu.mp4"},"asaxgevnnp.mp4":{"label":"REAL","split":"train","original":null},"asdpeebotb.mp4":{"label":"FAKE","split":"train","original":"znjupdqnwo.mp4"},"aslsvlvpth.mp4":{"label":"FAKE","split":"train","original":"jepguaulgf.mp4"},"asmpfjfzif.mp4":{"label":"FAKE","split":"train","original":"dzyuwjkjui.mp4"},"asvcrfdpnq.mp4":{"label":"FAKE","split":"train","original":"upgerjvcjb.mp4"},"atkdltyyen.mp4":{"label":"REAL","split":"train","original":null},"atvmxvwyns.mp4":{"label":"REAL","split":"train","original":null},"atxvxouljq.mp4":{"label":"FAKE","split":"train","original":"wwqiuiwdbz.mp4"},"atyntldecu.mp4":{"label":"FAKE","split":"train","original":"mfzqxktxud.mp4"},"atzdznmder.mp4":{"label":"FAKE","split":"train","original":"qedsgieuqn.mp4"},"aufmsmnoye.mp4":{"label":"FAKE","split":"train","original":"ppdpgwyjgm.mp4"},"augtsuxpzc.mp4":{"label":"FAKE","split":"train","original":"ifbdbogiqn.mp4"},"avfitoutyn.mp4":{"label":"FAKE","split":"train","original":"mfzqxktxud.mp4"},"avgiuextiz.mp4":{"label":"FAKE","split":"train","original":"hyhjfdxqxy.mp4"},"avibnnhwhp.mp4":{"label":"FAKE","split":"train","original":"jdubbvfswz.mp4"},"avmjormvsx.mp4":{"label":"REAL","split":"train","original":null},"avnqydkqjj.mp4":{"label":"FAKE","split":"train","original":"efwfxwwlbw.mp4"},"avssvvsdhz.mp4":{"label":"FAKE","split":"train","original":"gktjowiuqe.mp4"},"avtycwsgyb.mp4":{"label":"FAKE","split":"train","original":"qzklcjjxdq.mp4"},"avvdgsennp.mp4":{"label":"FAKE","split":"train","original":"gbqrgajyca.mp4"},"avywawptfc.mp4":{"label":"FAKE","split":"train","original":"rrcsuwgpnd.mp4"},"awhmfnnjih.mp4":{"label":"FAKE","split":"train","original":"xclqbefnvc.mp4"},"awnwkrqibf.mp4":{"label":"FAKE","split":"train","original":"cprhtltsjp.mp4"},"awukslzjra.mp4":{"label":"FAKE","split":"train","original":"ujzwwfkeia.mp4"},"axczxisdtb.mp4":{"label":"FAKE","split":"train","original":"meawmsgiti.mp4"},"axntxmycwd.mp4":{"label":"REAL","split":"train","original":null},"axoygtekut.mp4":{"label":"FAKE","split":"train","original":"topyiohccg.mp4"},"axwgcsyphv.mp4":{"label":"FAKE","split":"train","original":"mfnowqfdwl.mp4"},"axwovszumc.mp4":{"label":"FAKE","split":"train","original":"rvoudrbyac.mp4"},"aybgughjxh.mp4":{"label":"REAL","split":"train","original":null},"aybumesmpk.mp4":{"label":"REAL","split":"train","original":null},"ayqvfdhslr.mp4":{"label":"FAKE","split":"train","original":"xxrzzncksa.mp4"},"aytzyidmgs.mp4":{"label":"REAL","split":"train","original":null},"azpuxunqyo.mp4":{"label":"FAKE","split":"train","original":"jjyfvzxwwx.mp4"},"azsmewqghg.mp4":{"label":"FAKE","split":"train","original":"djxdyjopjd.mp4"},"bahdpoesir.mp4":{"label":"FAKE","split":"train","original":"xnhcreiyqg.mp4"},"bbhpvrmbse.mp4":{"label":"FAKE","split":"train","original":"imzqmbfugn.mp4"},"bbhtdfuqxq.mp4":{"label":"FAKE","split":"train","original":"cpjxareypw.mp4"},"bbvgxeczei.mp4":{"label":"FAKE","split":"train","original":"fysyrqfguw.mp4"},"bchnbulevv.mp4":{"label":"FAKE","split":"train","original":"iyefnuagav.mp4"},"bctvsmddgq.mp4":{"label":"FAKE","split":"train","original":"ybjrqnqnno.mp4"},"bdbhekrrwo.mp4":{"label":"FAKE","split":"train","original":"qtnjyomzwo.mp4"},"bddjdhzfze.mp4":{"label":"REAL","split":"train","original":null},"bdgipnyobr.mp4":{"label":"FAKE","split":"train","original":"keecvpbncd.mp4"},"bdnaqemxmr.mp4":{"label":"REAL","split":"train","original":null},"bdxuhamuqx.mp4":{"label":"FAKE","split":"train","original":"fecysfujzk.mp4"},"beboztfcme.mp4":{"label":"REAL","split":"train","original":null},"bejhvclboh.mp4":{"label":"REAL","split":"train","original":null},"benmsfzfaz.mp4":{"label":"FAKE","split":"train","original":"kysxawkest.mp4"},"beyebyhrph.mp4":{"label":"REAL","split":"train","original":null},"bffwsjxghk.mp4":{"label":"REAL","split":"train","original":null},"bgaogsjehq.mp4":{"label":"FAKE","split":"train","original":"xzvrgckqkz.mp4"},"bggsurpgpr.mp4":{"label":"FAKE","split":"train","original":"gxembgiarp.mp4"},"bghphrsfxf.mp4":{"label":"FAKE","split":"train","original":"sgjnvxvcpu.mp4"},"bgmlwsoamc.mp4":{"label":"FAKE","split":"train","original":"woshnzbxmc.mp4"},"bguwlyazau.mp4":{"label":"FAKE","split":"train","original":"znpdbbsfvj.mp4"},"bgvhtpzknn.mp4":{"label":"REAL","split":"train","original":null},"bgwmmujlmc.mp4":{"label":"REAL","split":"train","original":null},"bhaaboftbc.mp4":{"label":"FAKE","split":"train","original":"rlvgtsjyer.mp4"},"bhbdugnurr.mp4":{"label":"FAKE","split":"train","original":"vcxckqbaya.mp4"},"bhpwpydzpo.mp4":{"label":"FAKE","split":"train","original":"yfsnwkbafm.mp4"},"bhsluedavd.mp4":{"label":"FAKE","split":"train","original":"kydlpqfrvv.mp4"},"bilnggbxgu.mp4":{"label":"REAL","split":"train","original":null},"bjjbwsqjir.mp4":{"label":"FAKE","split":"train","original":"tdohqkzvbk.mp4"},"bjkmjilrxp.mp4":{"label":"FAKE","split":"train","original":"yfsnwkbafm.mp4"},"bjsmaqefoi.mp4":{"label":"FAKE","split":"train","original":"mfpgdgsaxg.mp4"},"bkmdzhfzfh.mp4":{"label":"FAKE","split":"train","original":"hyuipchisa.mp4"},"bkvetcojbt.mp4":{"label":"FAKE","split":"train","original":"ybjrqnqnno.mp4"},"bkwxhglwct.mp4":{"label":"FAKE","split":"train","original":"gjypopglvi.mp4"},"blpchvmhxx.mp4":{"label":"FAKE","split":"train","original":"xqnykluhws.mp4"},"blzydqdfem.mp4":{"label":"FAKE","split":"train","original":"dbtbbhakdv.mp4"},"bmbbkwmxqj.mp4":{"label":"FAKE","split":"train","original":"rrcsuwgpnd.mp4"},"bmehkyanbj.mp4":{"label":"FAKE","split":"train","original":"ptokilxwcx.mp4"},"bmhvktyiwp.mp4":{"label":"FAKE","split":"train","original":"gneufaypol.mp4"},"bmioepcpsx.mp4":{"label":"FAKE","split":"train","original":"vmospzljws.mp4"},"bmjmjmbglm.mp4":{"label":"FAKE","split":"train","original":"mmhqllmlew.mp4"},"bmjzrlszhi.mp4":{"label":"REAL","split":"train","original":null},"bnbuonyoje.mp4":{"label":"FAKE","split":"train","original":"fntskqfxxf.mp4"},"bndybcqhfr.mp4":{"label":"FAKE","split":"train","original":"xnfwdpptym.mp4"},"bnjcdrfuov.mp4":{"label":"FAKE","split":"train","original":"ellavthztb.mp4"},"bntlodcfeg.mp4":{"label":"FAKE","split":"train","original":"ytufbmkdlq.mp4"},"bofqajtwve.mp4":{"label":"FAKE","split":"train","original":"dbtbbhakdv.mp4"},"boovltmuwi.mp4":{"label":"FAKE","split":"train","original":"sfujxhuyje.mp4"},"bopqhhalml.mp4":{"label":"FAKE","split":"train","original":"oesxbvktem.mp4"},"bourlmzsio.mp4":{"label":"FAKE","split":"train","original":"bxzakyopjf.mp4"},"bpapbctoao.mp4":{"label":"REAL","split":"train","original":null},"bpwzipqtxf.mp4":{"label":"FAKE","split":"train","original":"lmlyvmfbbe.mp4"},"bpxckdzddv.mp4":{"label":"FAKE","split":"train","original":"cizlkenljw.mp4"},"bqdjzqhcft.mp4":{"label":"FAKE","split":"train","original":"ytufbmkdlq.mp4"},"bqeiblbxtl.mp4":{"label":"FAKE","split":"train","original":"iklzfeueid.mp4"},"bqhtpqmmqp.mp4":{"label":"FAKE","split":"train","original":"meawmsgiti.mp4"},"bqkdbcqjvb.mp4":{"label":"FAKE","split":"train","original":"atvmxvwyns.mp4"},"bqnymlsayl.mp4":{"label":"FAKE","split":"train","original":"xagsvjctmp.mp4"},"bqqpbzjgup.mp4":{"label":"FAKE","split":"train","original":"djxdyjopjd.mp4"},"bqtuuwzdtr.mp4":{"label":"FAKE","split":"train","original":"yagllixjvh.mp4"},"brhalypwoo.mp4":{"label":"FAKE","split":"train","original":"uuxqylnzls.mp4"},"brvqtabyxj.mp4":{"label":"FAKE","split":"train","original":"ywvlvpvroj.mp4"},"brwrlczjvi.mp4":{"label":"REAL","split":"train","original":null},"bseamdrpbj.mp4":{"label":"FAKE","split":"train","original":"fdcttsvjwf.mp4"},"bsfmwclnqy.mp4":{"label":"FAKE","split":"train","original":"ubplsigbvj.mp4"},"bsqgziaylx.mp4":{"label":"FAKE","split":"train","original":"brwrlczjvi.mp4"},"btiysiskpf.mp4":{"label":"FAKE","split":"train","original":"gxhcuxulhi.mp4"},"btjlfpzbdu.mp4":{"label":"FAKE","split":"train","original":"drcyabprvt.mp4"},"btjwbtsgln.mp4":{"label":"FAKE","split":"train","original":"xwcggrygwl.mp4"},"btmsngnqhv.mp4":{"label":"FAKE","split":"train","original":"crezycjqyk.mp4"},"btohlidmru.mp4":{"label":"FAKE","split":"train","original":"cyxlcuyznd.mp4"},"btugrnoton.mp4":{"label":"FAKE","split":"train","original":"kgbkktcjxf.mp4"},"btunxncpjh.mp4":{"label":"FAKE","split":"train","original":"mgowkzsbyx.mp4"},"btxlttbpkj.mp4":{"label":"FAKE","split":"train","original":"fhghkqdkhe.mp4"},"bulkxhhknf.mp4":{"label":"REAL","split":"train","original":null},"bvgwelbeof.mp4":{"label":"FAKE","split":"train","original":"mmhqllmlew.mp4"},"bvzjkezkms.mp4":{"label":"FAKE","split":"train","original":"ekcrtigpab.mp4"},"bweezhfpzp.mp4":{"label":"FAKE","split":"train","original":"ywvlvpvroj.mp4"},"bwhlgysghg.mp4":{"label":"REAL","split":"train","original":null},"bwipwzzxxu.mp4":{"label":"REAL","split":"train","original":null},"bwuwstvsbw.mp4":{"label":"FAKE","split":"train","original":"xzvrgckqkz.mp4"},"bxzakyopjf.mp4":{"label":"REAL","split":"train","original":null},"bydaidkpdp.mp4":{"label":"FAKE","split":"train","original":"gktjowiuqe.mp4"},"byfenovjnf.mp4":{"label":"FAKE","split":"train","original":"gipbyjfxfp.mp4"},"byijojkdba.mp4":{"label":"FAKE","split":"train","original":"liniegczcx.mp4"},"byofowlkki.mp4":{"label":"FAKE","split":"train","original":"ifjktxxiln.mp4"},"byqzyxifza.mp4":{"label":"FAKE","split":"train","original":"kgbkktcjxf.mp4"},"byunigvnay.mp4":{"label":"FAKE","split":"train","original":"nvpluswotp.mp4"},"byyqectxqa.mp4":{"label":"FAKE","split":"train","original":"fdcttsvjwf.mp4"},"bzmdrafeex.mp4":{"label":"FAKE","split":"train","original":"sqwvfgwdxr.mp4"},"bzythlfnhq.mp4":{"label":"REAL","split":"train","original":null},"caifxvsozs.mp4":{"label":"REAL","split":"train","original":null},"caqbrkogkb.mp4":{"label":"FAKE","split":"train","original":"vgqotmftcr.mp4"},"cbbibzcoih.mp4":{"label":"FAKE","split":"train","original":"lietldeotq.mp4"},"cbltdtxglo.mp4":{"label":"FAKE","split":"train","original":"svcnlasmeh.mp4"},"ccfoszqabv.mp4":{"label":"REAL","split":"train","original":null},"ccmonzqfrz.mp4":{"label":"FAKE","split":"train","original":"gxhcuxulhi.mp4"},"cdaxixbosp.mp4":{"label":"FAKE","split":"train","original":"itzmdwutdu.mp4"},"cdbsbdymzd.mp4":{"label":"FAKE","split":"train","original":"xngpzquyhs.mp4"},"cdphtzqrvp.mp4":{"label":"FAKE","split":"train","original":"ehtdtkmmli.mp4"},"cdyakrxkia.mp4":{"label":"FAKE","split":"train","original":"atvmxvwyns.mp4"},"cepxysienc.mp4":{"label":"FAKE","split":"train","original":"euqpvnyxrb.mp4"},"cettndmvzl.mp4":{"label":"FAKE","split":"train","original":"kysxawkest.mp4"},"ceymbecxnj.mp4":{"label":"FAKE","split":"train","original":"gjypopglvi.mp4"},"cferslmfwh.mp4":{"label":"FAKE","split":"train","original":"fygviyzcjm.mp4"},"cffffbcywc.mp4":{"label":"FAKE","split":"train","original":"ztbinwxgyu.mp4"},"cfxkpiweqt.mp4":{"label":"REAL","split":"train","original":null},"cfyduhpbps.mp4":{"label":"FAKE","split":"train","original":"tfoxelmnjx.mp4"},"cglxirfaey.mp4":{"label":"FAKE","split":"train","original":"qypgyrxcme.mp4"},"cgvrgibpfo.mp4":{"label":"FAKE","split":"train","original":"puppdcffcj.mp4"},"chtapglbcj.mp4":{"label":"REAL","split":"train","original":null},"chviwxsfhg.mp4":{"label":"REAL","split":"train","original":null},"chzieimrwu.mp4":{"label":"FAKE","split":"train","original":"topyiohccg.mp4"},"ciyoudyhly.mp4":{"label":"REAL","split":"train","original":null},"cizlkenljw.mp4":{"label":"REAL","split":"train","original":null},"ckbdwedgmc.mp4":{"label":"FAKE","split":"train","original":"zrkinjhsuq.mp4"},"ckjaibzfxa.mp4":{"label":"REAL","split":"train","original":null},"ckkuyewywx.mp4":{"label":"REAL","split":"train","original":null},"cknyxaqouy.mp4":{"label":"FAKE","split":"train","original":"bwipwzzxxu.mp4"},"cksanfsjhc.mp4":{"label":"FAKE","split":"train","original":"atkdltyyen.mp4"},"clihsshdkq.mp4":{"label":"FAKE","split":"train","original":"qzimuostzz.mp4"},"clrycekyst.mp4":{"label":"REAL","split":"train","original":null},"cmbzllswnl.mp4":{"label":"REAL","split":"train","original":null},"cmxcfkrjiv.mp4":{"label":"FAKE","split":"train","original":"ztbinwxgyu.mp4"},"cnilkgvfei.mp4":{"label":"FAKE","split":"train","original":"kwyvikrgmx.mp4"},"coadfnerlk.mp4":{"label":"FAKE","split":"train","original":"bwipwzzxxu.mp4"},"cobjrlugvp.mp4":{"label":"REAL","split":"train","original":null},"covdcysmbi.mp4":{"label":"FAKE","split":"train","original":"jomvcqqars.mp4"},"cpjxareypw.mp4":{"label":"REAL","split":"train","original":null},"cppdvdejkc.mp4":{"label":"REAL","split":"train","original":null},"cprhtltsjp.mp4":{"label":"REAL","split":"train","original":null},"cqfugiqupm.mp4":{"label":"FAKE","split":"train","original":"fpvduejzcw.mp4"},"cqhngvpgyi.mp4":{"label":"FAKE","split":"train","original":"tfoixxmpoo.mp4"},"cqrskwiqng.mp4":{"label":"FAKE","split":"train","original":"swedbyuehz.mp4"},"crezycjqyk.mp4":{"label":"REAL","split":"train","original":null},"crktehraph.mp4":{"label":"FAKE","split":"train","original":"vrsinxahfh.mp4"},"crzfebnfgb.mp4":{"label":"FAKE","split":"train","original":"wgmbcqfgkp.mp4"},"cthdnahrkh.mp4":{"label":"FAKE","split":"train","original":"vrsinxahfh.mp4"},"ctpqeykqdp.mp4":{"label":"FAKE","split":"train","original":"iklzfeueid.mp4"},"cttqtsjvgn.mp4":{"label":"FAKE","split":"train","original":"fkyrrigzpt.mp4"},"ctzmavwror.mp4":{"label":"FAKE","split":"train","original":"lkdlzpkukw.mp4"},"curpwogllm.mp4":{"label":"FAKE","split":"train","original":"chtapglbcj.mp4"},"cuzrgrbvil.mp4":{"label":"FAKE","split":"train","original":"iiomvouemm.mp4"},"cvaksbpssm.mp4":{"label":"FAKE","split":"train","original":"gdfyzwykty.mp4"},"cwbacdwrzo.mp4":{"label":"FAKE","split":"train","original":"fecysfujzk.mp4"},"cwqlvzefpg.mp4":{"label":"FAKE","split":"train","original":"qeumxirsme.mp4"},"cwrtyzndpx.mp4":{"label":"FAKE","split":"train","original":"kgbkktcjxf.mp4"},"cwsbspfzck.mp4":{"label":"FAKE","split":"train","original":"wtreibcmgm.mp4"},"cwwandrkus.mp4":{"label":"FAKE","split":"train","original":"kgbkktcjxf.mp4"},"cxfujlvsuw.mp4":{"label":"FAKE","split":"train","original":"qtnjyomzwo.mp4"},"cxrfacemmq.mp4":{"label":"FAKE","split":"train","original":"dlpoieqvfb.mp4"},"cxttmymlbn.mp4":{"label":"FAKE","split":"train","original":"qapnbtdypb.mp4"},"cyboodqqyr.mp4":{"label":"FAKE","split":"train","original":"qeumxirsme.mp4"},"cycacemkmt.mp4":{"label":"FAKE","split":"train","original":"atvmxvwyns.mp4"},"cyclgfjdrv.mp4":{"label":"FAKE","split":"train","original":"gbqrgajyca.mp4"},"cyxlcuyznd.mp4":{"label":"REAL","split":"train","original":null},"czfunozvwp.mp4":{"label":"FAKE","split":"train","original":"caifxvsozs.mp4"},"czkdanyadc.mp4":{"label":"FAKE","split":"train","original":"meawmsgiti.mp4"},"czmqpxrqoh.mp4":{"label":"FAKE","split":"train","original":"atvmxvwyns.mp4"},"dafhtipaml.mp4":{"label":"FAKE","split":"train","original":"kdodrvufdh.mp4"},"dakiztgtnw.mp4":{"label":"REAL","split":"train","original":null},"dakqwktlbi.mp4":{"label":"FAKE","split":"train","original":"atvmxvwyns.mp4"},"dbhoxkblzx.mp4":{"label":"FAKE","split":"train","original":"qtnjyomzwo.mp4"},"dbhrpizyeq.mp4":{"label":"FAKE","split":"train","original":"ffcwhpnpuw.mp4"},"dbnygxtwek.mp4":{"label":"REAL","split":"train","original":null},"dboxtiehng.mp4":{"label":"FAKE","split":"train","original":"jjyfvzxwwx.mp4"},"dbtbbhakdv.mp4":{"label":"REAL","split":"train","original":null},"dbzcqmxzaj.mp4":{"label":"FAKE","split":"train","original":"yxyhvdlrgk.mp4"},"dbzpcjntve.mp4":{"label":"FAKE","split":"train","original":"ellavthztb.mp4"},"dcamvmuors.mp4":{"label":"FAKE","split":"train","original":"iuzdfwsefw.mp4"},"dcuiiorugd.mp4":{"label":"FAKE","split":"train","original":"wapebjxejr.mp4"},"ddepeddixj.mp4":{"label":"REAL","split":"train","original":null},"ddhfabwpuz.mp4":{"label":"FAKE","split":"train","original":"luvasmspox.mp4"},"ddjggcasdw.mp4":{"label":"FAKE","split":"train","original":"qtnjyomzwo.mp4"},"ddpvuimigj.mp4":{"label":"FAKE","split":"train","original":"ijokcwewbs.mp4"},"ddqccgmtka.mp4":{"label":"FAKE","split":"train","original":"qokxxuayqn.mp4"},"degpbqvcay.mp4":{"label":"FAKE","split":"train","original":"ptokilxwcx.mp4"},"deywhkarol.mp4":{"label":"FAKE","split":"train","original":"ljaifbsfuw.mp4"},"deyyistcrd.mp4":{"label":"FAKE","split":"train","original":"ywvlvpvroj.mp4"},"dfbpceeaox.mp4":{"label":"FAKE","split":"train","original":"bffwsjxghk.mp4"},"dgmevclvzy.mp4":{"label":"FAKE","split":"train","original":"jzmdganfys.mp4"},"dgxrqjdomn.mp4":{"label":"FAKE","split":"train","original":"duycddgtrl.mp4"},"dgzklxjmix.mp4":{"label":"FAKE","split":"train","original":"jszyyhamrh.mp4"},"dhcndnuwta.mp4":{"label":"REAL","split":"train","original":null},"dhcselezer.mp4":{"label":"FAKE","split":"train","original":"uonshkejav.mp4"},"dhevettufk.mp4":{"label":"FAKE","split":"train","original":"cppdvdejkc.mp4"},"dhjmzhrcav.mp4":{"label":"FAKE","split":"train","original":"tdohqkzvbk.mp4"},"dhkwmjxwrn.mp4":{"label":"FAKE","split":"train","original":"ehccixxzoe.mp4"},"dhoqofwoxa.mp4":{"label":"FAKE","split":"train","original":"gbqrgajyca.mp4"},"dhxctgyoqj.mp4":{"label":"REAL","split":"train","original":null},"diomeixhrg.mp4":{"label":"FAKE","split":"train","original":"gneufaypol.mp4"},"diopzaywor.mp4":{"label":"FAKE","split":"train","original":"fgfyrfyqay.mp4"},"diqraixiov.mp4":{"label":"FAKE","split":"train","original":"gmihbscmwq.mp4"},"diuzrpqjli.mp4":{"label":"FAKE","split":"train","original":"smggzgxymo.mp4"},"djvtbgwdcc.mp4":{"label":"FAKE","split":"train","original":"jljpdojupu.mp4"},"djvutyvaio.mp4":{"label":"FAKE","split":"train","original":"zhfyuhonra.mp4"},"djxdyjopjd.mp4":{"label":"REAL","split":"train","original":null},"dkdwxmtpuo.mp4":{"label":"FAKE","split":"train","original":"mmhqllmlew.mp4"},"dkhlttuvmx.mp4":{"label":"FAKE","split":"train","original":"qeumxirsme.mp4"},"dkrvorliqc.mp4":{"label":"FAKE","split":"train","original":"hcswybumab.mp4"},"dkuayagnmc.mp4":{"label":"REAL","split":"train","original":null},"dkwjwbwgey.mp4":{"label":"FAKE","split":"train","original":"rfzzrftgco.mp4"},"dkzvdrzcnr.mp4":{"label":"REAL","split":"train","original":null},"dlpoieqvfb.mp4":{"label":"REAL","split":"train","original":null},"dlrsbscitn.mp4":{"label":"FAKE","split":"train","original":"ztbinwxgyu.mp4"},"dnexlwbcxq.mp4":{"label":"FAKE","split":"train","original":"ezaajaswoe.mp4"},"dnhvalzvrt.mp4":{"label":"FAKE","split":"train","original":"tamayudqqx.mp4"},"dntkzzzcdh.mp4":{"label":"FAKE","split":"train","original":"gnyspcpbhd.mp4"},"dnyvfblxpm.mp4":{"label":"FAKE","split":"train","original":"eckvhdusax.mp4"},"doanjploai.mp4":{"label":"FAKE","split":"train","original":"fkqptfouqw.mp4"},"dofusvhnib.mp4":{"label":"FAKE","split":"train","original":"xnfwdpptym.mp4"},"dozyddhild.mp4":{"label":"FAKE","split":"train","original":"ngdswpaqnt.mp4"},"dptbnjnkdg.mp4":{"label":"FAKE","split":"train","original":"kkzsnmrkqk.mp4"},"dptrzdvwpg.mp4":{"label":"FAKE","split":"train","original":"iiomvouemm.mp4"},"dqnyszdong.mp4":{"label":"FAKE","split":"train","original":"qeumxirsme.mp4"},"dqppxmoqdl.mp4":{"label":"FAKE","split":"train","original":"zrkinjhsuq.mp4"},"dqqtjcryjv.mp4":{"label":"FAKE","split":"train","original":"iyefnuagav.mp4"},"dqswpjoepo.mp4":{"label":"FAKE","split":"train","original":"kydlpqfrvv.mp4"},"dqzreruvje.mp4":{"label":"FAKE","split":"train","original":"rlldzrnmdn.mp4"},"drcyabprvt.mp4":{"label":"REAL","split":"train","original":null},"drgjzlxzxj.mp4":{"label":"FAKE","split":"train","original":"yagllixjvh.mp4"},"drsakwyvqv.mp4":{"label":"FAKE","split":"train","original":"jomvcqqars.mp4"},"drtbksnpol.mp4":{"label":"FAKE","split":"train","original":"dzyuwjkjui.mp4"},"dsdoseflas.mp4":{"label":"FAKE","split":"train","original":"dzyuwjkjui.mp4"},"dsgpbgsrdm.mp4":{"label":"FAKE","split":"train","original":"nlerwupaqr.mp4"},"dsjbknkujw.mp4":{"label":"REAL","split":"train","original":null},"dsndhujjjb.mp4":{"label":"FAKE","split":"train","original":"ohnonevlro.mp4"},"dtbpmdqvao.mp4":{"label":"FAKE","split":"train","original":"gjypopglvi.mp4"},"dtocdfbwca.mp4":{"label":"FAKE","split":"train","original":"dakiztgtnw.mp4"},"dubiroskqn.mp4":{"label":"FAKE","split":"train","original":"gzyzdcbuuv.mp4"},"dulanfulol.mp4":{"label":"FAKE","split":"train","original":"iieoqptzec.mp4"},"duvyaxbzvp.mp4":{"label":"FAKE","split":"train","original":"fgfyrfyqay.mp4"},"duycddgtrl.mp4":{"label":"REAL","split":"train","original":null},"duzuusuajr.mp4":{"label":"FAKE","split":"train","original":"fgfyrfyqay.mp4"},"dvakowbgbt.mp4":{"label":"FAKE","split":"train","original":"slwkmefgde.mp4"},"dvumqqhoac.mp4":{"label":"FAKE","split":"train","original":"kuelhabsmz.mp4"},"dwediigjit.mp4":{"label":"FAKE","split":"train","original":"tmdformfqp.mp4"},"dxbqjxrhin.mp4":{"label":"REAL","split":"train","original":null},"dxuliowugt.mp4":{"label":"FAKE","split":"train","original":"imzqmbfugn.mp4"},"dxuplhwvig.mp4":{"label":"FAKE","split":"train","original":"yoavqsqobz.mp4"},"dzieklokdr.mp4":{"label":"FAKE","split":"train","original":"pylnolwenx.mp4"},"dzqwgqewhu.mp4":{"label":"FAKE","split":"train","original":"xwcggrygwl.mp4"},"dzvyfiarrq.mp4":{"label":"FAKE","split":"train","original":"bgwmmujlmc.mp4"},"dzwkmcwkwl.mp4":{"label":"FAKE","split":"train","original":"pqvypayzrp.mp4"},"dzyuwjkjui.mp4":{"label":"REAL","split":"train","original":null},"eahlqmfvtj.mp4":{"label":"FAKE","split":"train","original":"lyvlnqduqg.mp4"},"eajlrktemq.mp4":{"label":"FAKE","split":"train","original":"yjlsxqoauz.mp4"},"ebchwmwayp.mp4":{"label":"FAKE","split":"train","original":"ehccixxzoe.mp4"},"ebebgmtlcu.mp4":{"label":"FAKE","split":"train","original":"iufotyxgzb.mp4"},"ebeknhudxq.mp4":{"label":"FAKE","split":"train","original":"fysyrqfguw.mp4"},"ebkzwjgjhq.mp4":{"label":"FAKE","split":"train","original":"kgbkktcjxf.mp4"},"ebywfrmhtd.mp4":{"label":"FAKE","split":"train","original":"grnycmbdfu.mp4"},"eckvhdusax.mp4":{"label":"REAL","split":"train","original":null},"ecnihjlfyt.mp4":{"label":"FAKE","split":"train","original":"kysxawkest.mp4"},"ecujsjhscd.mp4":{"label":"REAL","split":"train","original":null},"ecuvtoltue.mp4":{"label":"FAKE","split":"train","original":"xngpzquyhs.mp4"},"ecwaxgutkc.mp4":{"label":"FAKE","split":"train","original":"itmwoyxbas.mp4"},"eczrseixwq.mp4":{"label":"FAKE","split":"train","original":"iieoqptzec.mp4"},"edyncaijwx.mp4":{"label":"REAL","split":"train","original":null},"eebrkicpry.mp4":{"label":"FAKE","split":"train","original":"rjlgchzmfv.mp4"},"eebserckhh.mp4":{"label":"FAKE","split":"train","original":"qzklcjjxdq.mp4"},"eejswgycjc.mp4":{"label":"FAKE","split":"train","original":"qzklcjjxdq.mp4"},"eekozbeafq.mp4":{"label":"FAKE","split":"train","original":"olakcrnuro.mp4"},"eepezmygaq.mp4":{"label":"FAKE","split":"train","original":"abarnvbtwb.mp4"},"eeyhxisdfh.mp4":{"label":"FAKE","split":"train","original":"lyvlnqduqg.mp4"},"efdyrflcpg.mp4":{"label":"FAKE","split":"train","original":"xngpzquyhs.mp4"},"efwfxwwlbw.mp4":{"label":"REAL","split":"train","original":null},"egbbcxcuqy.mp4":{"label":"FAKE","split":"train","original":"hqtepxaeqx.mp4"},"eggbjzxnmg.mp4":{"label":"REAL","split":"train","original":null},"egghxjjmfg.mp4":{"label":"REAL","split":"train","original":null},"ehbnclaukr.mp4":{"label":"FAKE","split":"train","original":"gipbyjfxfp.mp4"},"ehccixxzoe.mp4":{"label":"REAL","split":"train","original":null},"ehdkmxgtxh.mp4":{"label":"FAKE","split":"train","original":"bejhvclboh.mp4"},"ehevsxtecd.mp4":{"label":"FAKE","split":"train","original":"nzquxipbye.mp4"},"ehfiekigla.mp4":{"label":"FAKE","split":"train","original":"avmjormvsx.mp4"},"ehieahnhte.mp4":{"label":"FAKE","split":"train","original":"sasoxcqisz.mp4"},"ehtdtkmmli.mp4":{"label":"REAL","split":"train","original":null},"eiriyukqqy.mp4":{"label":"FAKE","split":"train","original":"ixuouyigxa.mp4"},"eivxffliio.mp4":{"label":"FAKE","split":"train","original":"joeifeskbs.mp4"},"eiwopxzjfn.mp4":{"label":"FAKE","split":"train","original":"xzvrgckqkz.mp4"},"eixwxvxbbn.mp4":{"label":"FAKE","split":"train","original":"ywvlvpvroj.mp4"},"ejkqesyvam.mp4":{"label":"FAKE","split":"train","original":"jwcsqxzdlv.mp4"},"ekcrtigpab.mp4":{"label":"REAL","split":"train","original":null},"ekhacizpah.mp4":{"label":"FAKE","split":"train","original":"egghxjjmfg.mp4"},"ekkdjkirzq.mp4":{"label":"FAKE","split":"train","original":"tivkmbqgwp.mp4"},"elginszwtk.mp4":{"label":"FAKE","split":"train","original":"gipbyjfxfp.mp4"},"ellavthztb.mp4":{"label":"REAL","split":"train","original":null},"elvvackpjh.mp4":{"label":"FAKE","split":"train","original":"qhkqqfznrg.mp4"},"emaalmsonj.mp4":{"label":"FAKE","split":"train","original":"dzyuwjkjui.mp4"},"emfbhytfhc.mp4":{"label":"FAKE","split":"train","original":"cprhtltsjp.mp4"},"emgjphonqb.mp4":{"label":"FAKE","split":"train","original":"ybjrqnqnno.mp4"},"ensyyivobf.mp4":{"label":"FAKE","split":"train","original":"lulmevqtla.mp4"},"eoewqcpbgt.mp4":{"label":"FAKE","split":"train","original":"gbqrgajyca.mp4"},"eprybmbpba.mp4":{"label":"FAKE","split":"train","original":"kuelhabsmz.mp4"},"epymyyiblu.mp4":{"label":"FAKE","split":"train","original":"svcnlasmeh.mp4"},"eqjscdagiv.mp4":{"label":"FAKE","split":"train","original":"dbnygxtwek.mp4"},"eqnoqyfquo.mp4":{"label":"REAL","split":"train","original":null},"eqvuznuwsa.mp4":{"label":"FAKE","split":"train","original":"cmbzllswnl.mp4"},"erlvuvjsjf.mp4":{"label":"REAL","split":"train","original":null},"erqgqacbqe.mp4":{"label":"FAKE","split":"train","original":"nvpluswotp.mp4"},"errocgcham.mp4":{"label":"FAKE","split":"train","original":"grnycmbdfu.mp4"},"esckbnkkvb.mp4":{"label":"FAKE","split":"train","original":"gdfyzwykty.mp4"},"esgftaficx.mp4":{"label":"FAKE","split":"train","original":"rrcsuwgpnd.mp4"},"esnntzzajv.mp4":{"label":"FAKE","split":"train","original":"ybetenmsye.mp4"},"esxrvsgpvb.mp4":{"label":"FAKE","split":"train","original":"gomwfvijiv.mp4"},"esyhwdfnxs.mp4":{"label":"FAKE","split":"train","original":"qeumxirsme.mp4"},"esyrimvzsa.mp4":{"label":"FAKE","split":"train","original":"qzklcjjxdq.mp4"},"etdcqxabww.mp4":{"label":"FAKE","split":"train","original":"gipbyjfxfp.mp4"},"etejaapnxh.mp4":{"label":"FAKE","split":"train","original":"wtreibcmgm.mp4"},"etmcruaihe.mp4":{"label":"FAKE","split":"train","original":"afoovlsmtx.mp4"},"etohcvnzbj.mp4":{"label":"FAKE","split":"train","original":"bdnaqemxmr.mp4"},"eudeqjhdfd.mp4":{"label":"REAL","split":"train","original":null},"eukvucdetx.mp4":{"label":"FAKE","split":"train","original":"gjypopglvi.mp4"}}