filename,label
aassnaulhq.mp4,0
aayfryxljh.mp4,0
acazlolrpz.mp4,0
adohdulfwb.mp4,0
ahjnxtiamx.mp4,0
ajiyrjfyzp.mp4,0
aktnlyqpah.mp4,0
alrtntfxtd.mp4,0
aomqqjipcp.mp4,0
apedduehoy.mp4,0
apvzjkvnwn.mp4,0
aqrsylrzgi.mp4,0
axfhbpkdlc.mp4,0
ayipraspbn.mp4,0
bcbqxhziqz.mp4,0
bcvheslzrq.mp4,0
bdshuoldwx.mp4,0
bfdopzvxbi.mp4,0
bfjsthfhbd.mp4,0
bjyaxvggle.mp4,0
bkcyglmfci.mp4,0
bktkwbcawi.mp4,0
bkuzquigyt.mp4,0
blnmxntbey.mp4,0
blszgmxkvu.mp4,0
bnuwxhfahw.mp4,0
bofrwgeyjo.mp4,0
btdxnajogv.mp4,0
bvpeerislp.mp4,0
bwdmzwhdnw.mp4,0
bzvzpwrabw.mp4,0
cekarydqba.mp4,0
cekwtyxdoo.mp4,0
cjkctqqakb.mp4,0
cnpanmywno.mp4,0
cnxccbjlct.mp4,0
coqwgzpbhx.mp4,0
cosghhimnd.mp4,0
coujjnypba.mp4,0
cqhwesrciw.mp4,0
cqxxumarvp.mp4,0
csnkohqxdv.mp4,0
cxsvvnxpyz.mp4,0
czfqlbcfpa.mp4,0
dcqodpzomd.mp4,0
ddtbarpcgo.mp4,0
demuhxssgl.mp4,0
didzujjhtg.mp4,0
dkuqbduxev.mp4,0
dmmvuaikkv.mp4,0
dnmowthjcj.mp4,0
doniqevxeg.mp4,0
dozjwhnedd.mp4,0
dpevefkefv.mp4,0
dpmgoiwhuf.mp4,0
dsnxgrfdmd.mp4,0
dtozwcapoa.mp4,0
dvkdfhrpph.mp4,0
dvtpwatuja.mp4,0
dvwpvqdflx.mp4,0
dxfdovivlw.mp4,0
dxgnpnowgk.mp4,0
dyjklprkoc.mp4,0
dzkyxbbqkr.mp4,0
dzojiwfvba.mp4,0
ecumyiowzs.mp4,0
eisofhptvk.mp4,0
ekboxwrwuv.mp4,0
ekelfsnqof.mp4,0
ekvwecwltj.mp4,0
elackxuccp.mp4,0
eppyqpgewp.mp4,0
eqslzbqfea.mp4,0
eryjktdexi.mp4,0
esjdyghhog.mp4,0
esmqxszybs.mp4,0
espkiocpxq.mp4,0
etdliwticv.mp4,0
evysmtpnrf.mp4,0
eyguqfmgzh.mp4,0
eywdmustbb.mp4,0
famlupsgqm.mp4,0
fddmkqjwsh.mp4,0
fjrueenjyp.mp4,0
fjxovgmwnm.mp4,0
fmhiujydwo.mp4,0
fmvvmcbdrw.mp4,0
fneqiqpqvs.mp4,0
fnxgqcvlsd.mp4,0
fopjiyxiqd.mp4,0
fpevfidstw.mp4,0
fqgypsunzr.mp4,0
frqfsucgao.mp4,0
fsdrwikhge.mp4,0
fwykevubzy.mp4,0
fxuxxtryjn.mp4,0
fzvpbrzssi.mp4,0
gahgyuwzbu.mp4,0
gbnzicjyhz.mp4,0
gccnvdoknm.mp4,0
gcdtglsoqj.mp4,0
gfcycflhbo.mp4,0
gfdjzwnpyp.mp4,0
gfgcwxkbjd.mp4,0
ggdpclfcgk.mp4,0
ggzjfrirjh.mp4,0
ghnpsltzyn.mp4,0
gkutjglghz.mp4,0
gochxzemmq.mp4,0
gpsxfxrjrr.mp4,0
gqnaxievjx.mp4,0
gunamloolc.mp4,0
halvwiltfs.mp4,0
hbufmvbium.mp4,0
hcanfkwivl.mp4,0
hclsparpth.mp4,0
hefisnapds.mp4,0
heiyoojifp.mp4,0
hevcclcklc.mp4,0
hfsvqabzfq.mp4,0
hicjuubiau.mp4,0
hierggamuo.mp4,0
hitfycdavv.mp4,0
hnfwagcxdf.mp4,0
honxqdilvv.mp4,0
hqzwudvhih.mp4,0
hsbljbsgxr.mp4,0
hsbwhlolsn.mp4,0
hszwwswewp.mp4,0
htzbnroagi.mp4,0
huvlwkxoxm.mp4,0
hweshqpfwe.mp4,0
hxwtsaydal.mp4,0
hyjqolupxn.mp4,0
hzoiotcykp.mp4,0
hzssdinxec.mp4,0
ibxfxggtqh.mp4,0
icbsahlivv.mp4,0
igpvrfjdzc.mp4,0
ihglzxzroo.mp4,0
iksxzpqxzi.mp4,0
ilqwcbprqa.mp4,0
imdmhwkkni.mp4,0
iorbtaarte.mp4,0
ipkpxvwroe.mp4,0
ipvwtgdlre.mp4,0
irqzdokcws.mp4,0
itfsvvmslp.mp4,0
iznnzjvaxc.mp4,0
jawgcggquk.mp4,0
jhczqfefgw.mp4,0
jiavqbrkyk.mp4,0
jiswxuqzyz.mp4,0
jquevmhdvc.mp4,0
jsbpkpxwew.mp4,0
jsysgmycsx.mp4,0
jyfvaequfg.mp4,0
jyoxdvxpza.mp4,0
jytrvwlewz.mp4,0
jzmzdispyo.mp4,0
kcjvhgvhpt.mp4,0
keioymnobc.mp4,0
kezwvsxxzj.mp4,0
khpipxnsvx.mp4,0
kmcdjxmnoa.mp4,0
kmqkiihrmj.mp4,0
knxltsvzyu.mp4,0
kowiwvrjht.mp4,0
kqlvggiqee.mp4,0
kvmpmhdxly.mp4,0
kwfdyqofzw.mp4,0
lbfqksftuo.mp4,0
lbigytrrtr.mp4,0
lebzjtusnr.mp4,0
lhvjzhjxdp.mp4,0
ljauauuyka.mp4,0
ljouzjaqqe.mp4,0
llplvmcvbl.mp4,0
lmdyicksrv.mp4,0
lnhkjhyhvw.mp4,0
lnjkpdviqb.mp4,0
lpgxwdgnio.mp4,0
lpkgabskbw.mp4,0
lujvyveojc.mp4,0
lyoslorecs.mp4,0
mdfndlljvt.mp4,0
mkmgcxaztt.mp4,0
mkzaekkvej.mp4,0
mllzkpgatp.mp4,0
mnowxangqx.mp4,0
mnzabbkpmt.mp4,0
mohiqoogpb.mp4,0
mszblrdprw.mp4,0
mwnibuujwz.mp4,0
mwwploizlj.mp4,0
mxahsihabr.mp4,0
mxlipjhmqk.mp4,0
ncmpqwmnzb.mp4,0
ncoeewrdlo.mp4,0
ndikguxzek.mp4,0
nikynwcvuh.mp4,0
njzshtfmcw.mp4,0
nkhzxomani.mp4,0
novarhxpbj.mp4,0
nplviymzlg.mp4,0
nswtvttxre.mp4,0
nthpnwylxo.mp4,0
nwvloufjty.mp4,0
nwvsbmyndn.mp4,0
nxgzmgzkfv.mp4,0
nxnmkytwze.mp4,0
nxzgekegsp.mp4,0
nycmyuzpml.mp4,0
nymodlmxni.mp4,0
oaguiggjyv.mp4,0
ocgdbrgmtq.mp4,0
oefukgnvel.mp4,0
oelqpetgwj.mp4,0
ojsxxkalat.mp4,0
okgelildpc.mp4,0
omphqltjdd.mp4,0
ooafcxxfrs.mp4,0
oocincvedt.mp4,0
oojxonbgow.mp4,0
opvqdabdap.mp4,0
orekjthsef.mp4,0
orixbcfvdz.mp4,0
ouaowjmigq.mp4,0
owaogcehvc.mp4,0
oyqgwjdwaj.mp4,0
oysopgovhu.mp4,0
papagllumt.mp4,0
pcoxcmtroa.mp4,0
pcyswtgick.mp4,0
pdswwyyntw.mp4,0
pdufsewrec.mp4,0
petmyhjclt.mp4,0
phjvutxpoi.mp4,0
pqdeutauqc.mp4,0
pqthmvwonf.mp4,0
prhmixykhr.mp4,0
prwsfljdjo.mp4,0
psesikjaxx.mp4,0
ptbfnkajyi.mp4,0
ptbnewtvon.mp4,0
pxcfrszlgi.mp4,0
pxjkzvqomp.mp4,0
qarqtkvgby.mp4,0
qcbkztamqc.mp4,0
qclpbcbgeq.mp4,0
qdqdsaiitt.mp4,0
qhkzlnzruj.mp4,0
qhsehzgxqj.mp4,0
qlqhjcshpk.mp4,0
qlvsqdroqo.mp4,0
qooxnxqqjb.mp4,0
qqnlrngaft.mp4,0
qsjiypnjwi.mp4,0
qswlzfgcgj.mp4,0
qxyrtwozyw.mp4,0
qyyhuvqmyf.mp4,0
rcecrgeotc.mp4,0
rcjfxxhcal.mp4,0
rerpivllud.mp4,0
rfjuhbnlro.mp4,0
rfwxcinshk.mp4,0
rklawjhbpv.mp4,0
rktrpsdlci.mp4,0
rmlzgerevr.mp4,0
rmufsuogzn.mp4,0
rnfcjxynfa.mp4,0
rrrfjhugvb.mp4,0
rtpbawlmxr.mp4,0
ruhtnngrqv.mp4,0
rukyxomwcx.mp4,0
rvvpazsffd.mp4,0
rxdoimqble.mp4,0
ryxaqpfubf.mp4,0
scbdenmaed.mp4,0
scrbqgpvzz.mp4,0
sfsayjgzrh.mp4,0
shnsajrsow.mp4,0
siebfpwuhu.mp4,0
sjinmmbipg.mp4,0
sjkfxrlxxs.mp4,0
sjwywglgym.mp4,0
sktpeppbkc.mp4,0
sngjsueuhs.mp4,0
snlyjbnpgw.mp4,0
sodvtfqbpf.mp4,0
sqixhnilfm.mp4,0
srfefmyjvt.mp4,0
sufvvwmbha.mp4,0
swsaoktwgi.mp4,0
sylnrepacf.mp4,0
syuxttuyhm.mp4,0
syxobtuucp.mp4,0
sznkemeqro.mp4,0
tejfudfgpq.mp4,0
temeqbmzxu.mp4,0
temjefwaas.mp4,0
tgawasvbbr.mp4,0
tjuihawuqm.mp4,0
tjywwgftmv.mp4,0
toinozytsp.mp4,0
tvhjcfnqtg.mp4,0
txmnoyiyte.mp4,0
txnmkabufs.mp4,0
tyjpjpglgx.mp4,0
tynfsthodx.mp4,0
ucthmsajay.mp4,0
udxqbhgvvx.mp4,0
uhakqelqri.mp4,0
uhrqlmlclw.mp4,0
uoccaiathd.mp4,0
upmgtackuf.mp4,0
uqvxjfpwdo.mp4,0
usqqvxcjmg.mp4,0
uubgqnvfdl.mp4,0
uvrzaczrbx.mp4,0
uxuvkrjhws.mp4,0
vajkicalux.mp4,0
vbcgoyxsvn.mp4,0
vdtsbqidjb.mp4,0
vhbbwdflyh.mp4,0
viteugozpv.mp4,0
vizerpsvbz.mp4,0
vjljdfopjg.mp4,0
vmxfwxgdei.mp4,0
vnlzxqwthl.mp4,0
voawxrmqyl.mp4,0
vokrpfjpeb.mp4,0
vssmlqoiti.mp4,0
vtunvalyji.mp4,0
vurjckblge.mp4,0
vvfszaosiv.mp4,0
vwxednhlwz.mp4,0
wadvzjhwtw.mp4,0
waucvvmtkq.mp4,0
wclvkepakb.mp4,0
wcqvzujamg.mp4,0
wcssbghcpc.mp4,0
wcvsqnplsk.mp4,0
wfzjxzhdkj.mp4,0
wixbuuzygv.mp4,0
wjhpisoeaj.mp4,0
wmoqzxddkb.mp4,0
wndursivcx.mp4,0
wnlubukrki.mp4,0
wqysrieiqu.mp4,0
wvgviwnwob.mp4,0
wynotylpnm.mp4,0
xcruhaccxc.mp4,0
xdezcezszc.mp4,0
xhtppuyqdr.mp4,0
xitgdpzbxv.mp4,0
xjvxtuakyd.mp4,0
xljemofssi.mp4,0
xmkwsnuzyq.mp4,0
xphdfgmfmz.mp4,0
xrtvqhdibb.mp4,0
xugmhbetrw.mp4,0
xxzefxwyku.mp4,0
yarpxfqejd.mp4,0
yaxgpxhavq.mp4,0
ybbrkacebd.mp4,0
yhjlnisfel.mp4,0
yhylappzid.mp4,0
yietrwuncf.mp4,0
yiykshcbaz.mp4,0
yljecirelf.mp4,0
yllztsrwjw.mp4,0
ylxwcwhjjd.mp4,0
yoyhmxtrys.mp4,0
ypbtpunjvm.mp4,0
yqhouqakbx.mp4,0
yronlutbgm.mp4,0
ystdtnetgj.mp4,0
ytddugrwph.mp4,0
ytopzxrswu.mp4,0
ywauoonmlr.mp4,0
ywxpquomgt.mp4,0
yxadevzohx.mp4,0
yxirnfyijn.mp4,0
yxvmusxvcz.mp4,0
yzuestxcbq.mp4,0
zbgssotnjm.mp4,0
zcxcmneefk.mp4,0
zfobicuigx.mp4,0
zfrrixsimm.mp4,0
zgbhzkditd.mp4,0
zgjosltkie.mp4,0
ziipxxchai.mp4,0
zmxeiipnqb.mp4,0
ztyuiqrhdk.mp4,0
ztyvglkcsf.mp4,0
zuwwbbusgl.mp4,0
zxacihctqp.mp4,0
zyufpqvpyu.mp4,0
zzmgnglanj.mp4,0
